,girlname,girlnum,orgname,orglink,location,popnum,time
0,多肉葡萄萄,204061278,内搭二选一买哪套,https://www.douban.com/group/topic/280843849/,IP属地：北京,1,2022-12-29 21:20:56.253047
1,钱dare串子,114609775,白色中戏羽绒服！比较满意的,https://www.douban.com/group/topic/280758521/,IP属地：北京,33,2022-12-29 21:21:08.376924
2,散装星星,192405241,问我在穿什么当然是捡点垃圾穿一穿170 70kg,https://www.douban.com/group/topic/280838041/,IP属地：北京,2,2022-12-29 21:23:45.293823
3,利奈唑胺,180568604,冬日白色羽绒服爱好者,https://www.douban.com/group/topic/279605838/,IP属地：北京,112,2022-12-29 21:24:21.719870
4,月在吟唱诗篇,200225391,🥺🥺想求姐妹们买到的好穿秋冬内搭针织衫不要...,https://www.douban.com/group/topic/278843997/,IP属地：北京,208,2022-12-29 22:24:41.526909
5,脆皮公主nim,196297907,ur的辣妹拉链上衣好好看！,https://www.douban.com/group/topic/280682075/,IP属地：北京,2,2022-12-29 22:25:44.512522
6,蓝色蒂海,165430028,姐妹们这家帽子慎重买！有没有暖和适合大头的帽子~,https://www.douban.com/group/topic/280697727/,IP属地：北京,19,2022-12-30 10:21:30.727119
7,天上萼,163852872,姐妹们 成人礼穿这条ok吗🥺,https://www.douban.com/group/topic/280190964/,IP属地：北京,147,2022-12-30 10:24:57.510107
8,天上萼,163852872,姐妹们 成人礼穿这条ok吗🥺,https://www.douban.com/group/topic/280190964/,IP属地：北京,147,2022-12-30 10:25:15.674159
9,711在逃合味道,213533513,谁能想到我的年度最爱穿搭是从我妈衣柜里扒拉出来...,https://www.douban.com/group/topic/279641784/,IP属地：北京,55,2022-12-30 10:25:39.273382
10,江湖在逃人员,158757923,有没有姐妹买过同款求安利,https://www.douban.com/group/topic/280556718/,IP属地：北京,18,2022-12-30 13:08:58.500183
11,江湖在逃人员,158757923,有没有姐妹买过同款求安利,https://www.douban.com/group/topic/280556718/,IP属地：北京,18,2022-12-30 13:09:07.824557
12,momo,155027003,进来瘦十斤！请uu们帮我看看这个羽绒服怎么搭配下...,https://www.douban.com/group/topic/280248962/,IP属地：北京,15,2022-12-30 13:09:30.525642
0,momo,168689308,找小个子博主（口头语hello 大家好）,https://www.douban.com/group/topic/280750738/,IP属地：北京,19,2022-12-30 16:01:44.657082
